TEST_studentQuestion_Title_1,Question_Content,0,Option_Content,true,Topic_Name
TEST_studentQuestion_Title_2,Question_Content,1,Option_Content,true,Topic_Name
TEST_studentQuestion_Title_3,Question_Content,2,Option_Content,true,Topic_Name
TEST_studentQuestion_Title_4,Question_Content,3,Option_Content,true,Topic_Name
TEST_studentQuestion_Title_5,Question_Content,4,Option_Content,true,Topic_Name
TEST_studentQuestion_Title_6,Question_Content,5,Option_Content,true,Topic_Name
TEST_studentQuestion_Title_7,Question_Content,6,Option_Content,true,Topic_Name
TEST_studentQuestion_Title_8,Question_Content,7,Option_Content,true,Topic_Name
TEST_studentQuestion_Title_9,Question_Content,8,Option_Content,true,Topic_Name
TEST_studentQuestion_Title_10,Question_Content,9,Option_Content,true,Topic_Name
TEST_studentQuestion_Title_11,Question_Content,10,Option_Content,true,Topic_Name
TEST_studentQuestion_Title_12,Question_Content,11,Option_Content,true,Topic_Name
TEST_studentQuestion_Title_13,Question_Content,12,Option_Content,true,Topic_Name
TEST_studentQuestion_Title_14,Question_Content,13,Option_Content,true,Topic_Name
TEST_studentQuestion_Title_15,Question_Content,14,Option_Content,true,Topic_Name
TEST_studentQuestion_Title_16,Question_Content,15,Option_Content,true,Topic_Name
TEST_studentQuestion_Title_17,Question_Content,16,Option_Content,true,Topic_Name
TEST_studentQuestion_Title_18,Question_Content,17,Option_Content,true,Topic_Name
TEST_studentQuestion_Title_19,Question_Content,18,Option_Content,true,Topic_Name
TEST_studentQuestion_Title_20,Question_Content,19,Option_Content,true,Topic_Name
TEST_studentQuestion_Title_21,Question_Content,20,Option_Content,true,Topic_Name
TEST_studentQuestion_Title_22,Question_Content,21,Option_Content,true,Topic_Name
TEST_studentQuestion_Title_23,Question_Content,22,Option_Content,true,Topic_Name
TEST_studentQuestion_Title_24,Question_Content,23,Option_Content,true,Topic_Name
TEST_studentQuestion_Title_25,Question_Content,24,Option_Content,true,Topic_Name
TEST_studentQuestion_Title_26,Question_Content,25,Option_Content,true,Topic_Name
TEST_studentQuestion_Title_27,Question_Content,26,Option_Content,true,Topic_Name
TEST_studentQuestion_Title_28,Question_Content,27,Option_Content,true,Topic_Name
TEST_studentQuestion_Title_29,Question_Content,28,Option_Content,true,Topic_Name
TEST_studentQuestion_Title_30,Question_Content,29,Option_Content,true,Topic_Name
TEST_studentQuestion_Title_31,Question_Content,30,Option_Content,true,Topic_Name
TEST_studentQuestion_Title_32,Question_Content,31,Option_Content,true,Topic_Name
TEST_studentQuestion_Title_33,Question_Content,32,Option_Content,true,Topic_Name
TEST_studentQuestion_Title_34,Question_Content,33,Option_Content,true,Topic_Name
TEST_studentQuestion_Title_35,Question_Content,34,Option_Content,true,Topic_Name
TEST_studentQuestion_Title_36,Question_Content,35,Option_Content,true,Topic_Name
TEST_studentQuestion_Title_37,Question_Content,36,Option_Content,true,Topic_Name
TEST_studentQuestion_Title_38,Question_Content,37,Option_Content,true,Topic_Name
TEST_studentQuestion_Title_39,Question_Content,38,Option_Content,true,Topic_Name
TEST_studentQuestion_Title_40,Question_Content,39,Option_Content,true,Topic_Name
TEST_studentQuestion_Title_41,Question_Content,40,Option_Content,true,Topic_Name
TEST_studentQuestion_Title_42,Question_Content,41,Option_Content,true,Topic_Name
TEST_studentQuestion_Title_43,Question_Content,42,Option_Content,true,Topic_Name
TEST_studentQuestion_Title_44,Question_Content,43,Option_Content,true,Topic_Name
TEST_studentQuestion_Title_45,Question_Content,44,Option_Content,true,Topic_Name
TEST_studentQuestion_Title_46,Question_Content,45,Option_Content,true,Topic_Name
TEST_studentQuestion_Title_47,Question_Content,46,Option_Content,true,Topic_Name
TEST_studentQuestion_Title_48,Question_Content,47,Option_Content,true,Topic_Name
TEST_studentQuestion_Title_49,Question_Content,48,Option_Content,true,Topic_Name
TEST_studentQuestion_Title_50,Question_Content,49,Option_Content,true,Topic_Name
TEST_studentQuestion_Title_51,Question_Content,50,Option_Content,true,Topic_Name
TEST_studentQuestion_Title_52,Question_Content,51,Option_Content,true,Topic_Name
TEST_studentQuestion_Title_53,Question_Content,52,Option_Content,true,Topic_Name
TEST_studentQuestion_Title_54,Question_Content,53,Option_Content,true,Topic_Name
TEST_studentQuestion_Title_55,Question_Content,54,Option_Content,true,Topic_Name
TEST_studentQuestion_Title_56,Question_Content,55,Option_Content,true,Topic_Name
TEST_studentQuestion_Title_57,Question_Content,56,Option_Content,true,Topic_Name
TEST_studentQuestion_Title_58,Question_Content,57,Option_Content,true,Topic_Name
TEST_studentQuestion_Title_59,Question_Content,58,Option_Content,true,Topic_Name
TEST_studentQuestion_Title_60,Question_Content,59,Option_Content,true,Topic_Name
TEST_studentQuestion_Title_61,Question_Content,60,Option_Content,true,Topic_Name
TEST_studentQuestion_Title_62,Question_Content,61,Option_Content,true,Topic_Name
TEST_studentQuestion_Title_63,Question_Content,62,Option_Content,true,Topic_Name
TEST_studentQuestion_Title_64,Question_Content,63,Option_Content,true,Topic_Name
TEST_studentQuestion_Title_65,Question_Content,64,Option_Content,true,Topic_Name
TEST_studentQuestion_Title_66,Question_Content,65,Option_Content,true,Topic_Name
TEST_studentQuestion_Title_67,Question_Content,66,Option_Content,true,Topic_Name
TEST_studentQuestion_Title_68,Question_Content,67,Option_Content,true,Topic_Name
TEST_studentQuestion_Title_69,Question_Content,68,Option_Content,true,Topic_Name
TEST_studentQuestion_Title_70,Question_Content,69,Option_Content,true,Topic_Name
TEST_studentQuestion_Title_71,Question_Content,70,Option_Content,true,Topic_Name
TEST_studentQuestion_Title_72,Question_Content,71,Option_Content,true,Topic_Name
TEST_studentQuestion_Title_73,Question_Content,72,Option_Content,true,Topic_Name
TEST_studentQuestion_Title_74,Question_Content,73,Option_Content,true,Topic_Name
TEST_studentQuestion_Title_75,Question_Content,74,Option_Content,true,Topic_Name
TEST_studentQuestion_Title_76,Question_Content,75,Option_Content,true,Topic_Name
TEST_studentQuestion_Title_77,Question_Content,76,Option_Content,true,Topic_Name
TEST_studentQuestion_Title_78,Question_Content,77,Option_Content,true,Topic_Name
TEST_studentQuestion_Title_79,Question_Content,78,Option_Content,true,Topic_Name
TEST_studentQuestion_Title_80,Question_Content,79,Option_Content,true,Topic_Name
TEST_studentQuestion_Title_81,Question_Content,80,Option_Content,true,Topic_Name
TEST_studentQuestion_Title_82,Question_Content,81,Option_Content,true,Topic_Name
TEST_studentQuestion_Title_83,Question_Content,82,Option_Content,true,Topic_Name
TEST_studentQuestion_Title_84,Question_Content,83,Option_Content,true,Topic_Name
TEST_studentQuestion_Title_85,Question_Content,84,Option_Content,true,Topic_Name
TEST_studentQuestion_Title_86,Question_Content,85,Option_Content,true,Topic_Name
TEST_studentQuestion_Title_87,Question_Content,86,Option_Content,true,Topic_Name
TEST_studentQuestion_Title_88,Question_Content,87,Option_Content,true,Topic_Name
TEST_studentQuestion_Title_89,Question_Content,88,Option_Content,true,Topic_Name
TEST_studentQuestion_Title_90,Question_Content,89,Option_Content,true,Topic_Name
TEST_studentQuestion_Title_91,Question_Content,90,Option_Content,true,Topic_Name
TEST_studentQuestion_Title_92,Question_Content,91,Option_Content,true,Topic_Name
TEST_studentQuestion_Title_93,Question_Content,92,Option_Content,true,Topic_Name
TEST_studentQuestion_Title_94,Question_Content,93,Option_Content,true,Topic_Name
TEST_studentQuestion_Title_95,Question_Content,94,Option_Content,true,Topic_Name
TEST_studentQuestion_Title_96,Question_Content,95,Option_Content,true,Topic_Name
TEST_studentQuestion_Title_97,Question_Content,96,Option_Content,true,Topic_Name
TEST_studentQuestion_Title_98,Question_Content,97,Option_Content,true,Topic_Name
TEST_studentQuestion_Title_99,Question_Content,98,Option_Content,true,Topic_Name
TEST_studentQuestion_Title_100,Question_Content,99,Option_Content,true,Topic_Name
TEST_studentQuestion_Title_101,Question_Content,100,Option_Content,true,Topic_Name
TEST_studentQuestion_Title_102,Question_Content,101,Option_Content,true,Topic_Name
TEST_studentQuestion_Title_103,Question_Content,102,Option_Content,true,Topic_Name
TEST_studentQuestion_Title_104,Question_Content,103,Option_Content,true,Topic_Name
TEST_studentQuestion_Title_105,Question_Content,104,Option_Content,true,Topic_Name
TEST_studentQuestion_Title_106,Question_Content,105,Option_Content,true,Topic_Name
TEST_studentQuestion_Title_107,Question_Content,106,Option_Content,true,Topic_Name
TEST_studentQuestion_Title_108,Question_Content,107,Option_Content,true,Topic_Name
TEST_studentQuestion_Title_109,Question_Content,108,Option_Content,true,Topic_Name
TEST_studentQuestion_Title_110,Question_Content,109,Option_Content,true,Topic_Name
TEST_studentQuestion_Title_111,Question_Content,110,Option_Content,true,Topic_Name
TEST_studentQuestion_Title_112,Question_Content,111,Option_Content,true,Topic_Name
TEST_studentQuestion_Title_113,Question_Content,112,Option_Content,true,Topic_Name
TEST_studentQuestion_Title_114,Question_Content,113,Option_Content,true,Topic_Name
TEST_studentQuestion_Title_115,Question_Content,114,Option_Content,true,Topic_Name
TEST_studentQuestion_Title_116,Question_Content,115,Option_Content,true,Topic_Name
TEST_studentQuestion_Title_117,Question_Content,116,Option_Content,true,Topic_Name
TEST_studentQuestion_Title_118,Question_Content,117,Option_Content,true,Topic_Name
TEST_studentQuestion_Title_119,Question_Content,118,Option_Content,true,Topic_Name
TEST_studentQuestion_Title_120,Question_Content,119,Option_Content,true,Topic_Name
TEST_studentQuestion_Title_121,Question_Content,120,Option_Content,true,Topic_Name
TEST_studentQuestion_Title_122,Question_Content,121,Option_Content,true,Topic_Name
TEST_studentQuestion_Title_123,Question_Content,122,Option_Content,true,Topic_Name
TEST_studentQuestion_Title_124,Question_Content,123,Option_Content,true,Topic_Name
TEST_studentQuestion_Title_125,Question_Content,124,Option_Content,true,Topic_Name
TEST_studentQuestion_Title_126,Question_Content,125,Option_Content,true,Topic_Name
TEST_studentQuestion_Title_127,Question_Content,126,Option_Content,true,Topic_Name
TEST_studentQuestion_Title_128,Question_Content,127,Option_Content,true,Topic_Name
TEST_studentQuestion_Title_129,Question_Content,128,Option_Content,true,Topic_Name
TEST_studentQuestion_Title_130,Question_Content,129,Option_Content,true,Topic_Name
TEST_studentQuestion_Title_131,Question_Content,130,Option_Content,true,Topic_Name
TEST_studentQuestion_Title_132,Question_Content,131,Option_Content,true,Topic_Name
TEST_studentQuestion_Title_133,Question_Content,132,Option_Content,true,Topic_Name
TEST_studentQuestion_Title_134,Question_Content,133,Option_Content,true,Topic_Name
TEST_studentQuestion_Title_135,Question_Content,134,Option_Content,true,Topic_Name
TEST_studentQuestion_Title_136,Question_Content,135,Option_Content,true,Topic_Name
TEST_studentQuestion_Title_137,Question_Content,136,Option_Content,true,Topic_Name
TEST_studentQuestion_Title_138,Question_Content,137,Option_Content,true,Topic_Name
TEST_studentQuestion_Title_139,Question_Content,138,Option_Content,true,Topic_Name
TEST_studentQuestion_Title_140,Question_Content,139,Option_Content,true,Topic_Name
TEST_studentQuestion_Title_141,Question_Content,140,Option_Content,true,Topic_Name
TEST_studentQuestion_Title_142,Question_Content,141,Option_Content,true,Topic_Name
TEST_studentQuestion_Title_143,Question_Content,142,Option_Content,true,Topic_Name
TEST_studentQuestion_Title_144,Question_Content,143,Option_Content,true,Topic_Name
TEST_studentQuestion_Title_145,Question_Content,144,Option_Content,true,Topic_Name
TEST_studentQuestion_Title_146,Question_Content,145,Option_Content,true,Topic_Name
TEST_studentQuestion_Title_147,Question_Content,146,Option_Content,true,Topic_Name
TEST_studentQuestion_Title_148,Question_Content,147,Option_Content,true,Topic_Name
TEST_studentQuestion_Title_149,Question_Content,148,Option_Content,true,Topic_Name
TEST_studentQuestion_Title_150,Question_Content,149,Option_Content,true,Topic_Name
TEST_studentQuestion_Title_151,Question_Content,150,Option_Content,true,Topic_Name
TEST_studentQuestion_Title_152,Question_Content,151,Option_Content,true,Topic_Name
TEST_studentQuestion_Title_153,Question_Content,152,Option_Content,true,Topic_Name
TEST_studentQuestion_Title_154,Question_Content,153,Option_Content,true,Topic_Name
TEST_studentQuestion_Title_155,Question_Content,154,Option_Content,true,Topic_Name
TEST_studentQuestion_Title_156,Question_Content,155,Option_Content,true,Topic_Name
TEST_studentQuestion_Title_157,Question_Content,156,Option_Content,true,Topic_Name
TEST_studentQuestion_Title_158,Question_Content,157,Option_Content,true,Topic_Name
TEST_studentQuestion_Title_159,Question_Content,158,Option_Content,true,Topic_Name
TEST_studentQuestion_Title_160,Question_Content,159,Option_Content,true,Topic_Name
TEST_studentQuestion_Title_161,Question_Content,160,Option_Content,true,Topic_Name
TEST_studentQuestion_Title_162,Question_Content,161,Option_Content,true,Topic_Name
TEST_studentQuestion_Title_163,Question_Content,162,Option_Content,true,Topic_Name
TEST_studentQuestion_Title_164,Question_Content,163,Option_Content,true,Topic_Name
TEST_studentQuestion_Title_165,Question_Content,164,Option_Content,true,Topic_Name
TEST_studentQuestion_Title_166,Question_Content,165,Option_Content,true,Topic_Name
TEST_studentQuestion_Title_167,Question_Content,166,Option_Content,true,Topic_Name
TEST_studentQuestion_Title_168,Question_Content,167,Option_Content,true,Topic_Name
TEST_studentQuestion_Title_169,Question_Content,168,Option_Content,true,Topic_Name
TEST_studentQuestion_Title_170,Question_Content,169,Option_Content,true,Topic_Name
TEST_studentQuestion_Title_171,Question_Content,170,Option_Content,true,Topic_Name
TEST_studentQuestion_Title_172,Question_Content,171,Option_Content,true,Topic_Name
TEST_studentQuestion_Title_173,Question_Content,172,Option_Content,true,Topic_Name
TEST_studentQuestion_Title_174,Question_Content,173,Option_Content,true,Topic_Name
TEST_studentQuestion_Title_175,Question_Content,174,Option_Content,true,Topic_Name
TEST_studentQuestion_Title_176,Question_Content,175,Option_Content,true,Topic_Name
TEST_studentQuestion_Title_177,Question_Content,176,Option_Content,true,Topic_Name
TEST_studentQuestion_Title_178,Question_Content,177,Option_Content,true,Topic_Name
TEST_studentQuestion_Title_179,Question_Content,178,Option_Content,true,Topic_Name
TEST_studentQuestion_Title_180,Question_Content,179,Option_Content,true,Topic_Name
TEST_studentQuestion_Title_181,Question_Content,180,Option_Content,true,Topic_Name
TEST_studentQuestion_Title_182,Question_Content,181,Option_Content,true,Topic_Name
TEST_studentQuestion_Title_183,Question_Content,182,Option_Content,true,Topic_Name
TEST_studentQuestion_Title_184,Question_Content,183,Option_Content,true,Topic_Name
TEST_studentQuestion_Title_185,Question_Content,184,Option_Content,true,Topic_Name
TEST_studentQuestion_Title_186,Question_Content,185,Option_Content,true,Topic_Name
TEST_studentQuestion_Title_187,Question_Content,186,Option_Content,true,Topic_Name
TEST_studentQuestion_Title_188,Question_Content,187,Option_Content,true,Topic_Name
TEST_studentQuestion_Title_189,Question_Content,188,Option_Content,true,Topic_Name
TEST_studentQuestion_Title_190,Question_Content,189,Option_Content,true,Topic_Name
TEST_studentQuestion_Title_191,Question_Content,190,Option_Content,true,Topic_Name
TEST_studentQuestion_Title_192,Question_Content,191,Option_Content,true,Topic_Name
TEST_studentQuestion_Title_193,Question_Content,192,Option_Content,true,Topic_Name
TEST_studentQuestion_Title_194,Question_Content,193,Option_Content,true,Topic_Name
TEST_studentQuestion_Title_195,Question_Content,194,Option_Content,true,Topic_Name
TEST_studentQuestion_Title_196,Question_Content,195,Option_Content,true,Topic_Name
TEST_studentQuestion_Title_197,Question_Content,196,Option_Content,true,Topic_Name
TEST_studentQuestion_Title_198,Question_Content,197,Option_Content,true,Topic_Name
TEST_studentQuestion_Title_199,Question_Content,198,Option_Content,true,Topic_Name
TEST_studentQuestion_Title_200,Question_Content,199,Option_Content,true,Topic_Name
TEST_studentQuestion_Title_201,Question_Content,200,Option_Content,true,Topic_Name
TEST_studentQuestion_Title_202,Question_Content,201,Option_Content,true,Topic_Name
TEST_studentQuestion_Title_203,Question_Content,202,Option_Content,true,Topic_Name
TEST_studentQuestion_Title_204,Question_Content,203,Option_Content,true,Topic_Name
TEST_studentQuestion_Title_205,Question_Content,204,Option_Content,true,Topic_Name
TEST_studentQuestion_Title_206,Question_Content,205,Option_Content,true,Topic_Name
TEST_studentQuestion_Title_207,Question_Content,206,Option_Content,true,Topic_Name
TEST_studentQuestion_Title_208,Question_Content,207,Option_Content,true,Topic_Name
TEST_studentQuestion_Title_209,Question_Content,208,Option_Content,true,Topic_Name
TEST_studentQuestion_Title_210,Question_Content,209,Option_Content,true,Topic_Name
TEST_studentQuestion_Title_211,Question_Content,210,Option_Content,true,Topic_Name
TEST_studentQuestion_Title_212,Question_Content,211,Option_Content,true,Topic_Name
TEST_studentQuestion_Title_213,Question_Content,212,Option_Content,true,Topic_Name
TEST_studentQuestion_Title_214,Question_Content,213,Option_Content,true,Topic_Name
TEST_studentQuestion_Title_215,Question_Content,214,Option_Content,true,Topic_Name
TEST_studentQuestion_Title_216,Question_Content,215,Option_Content,true,Topic_Name
TEST_studentQuestion_Title_217,Question_Content,216,Option_Content,true,Topic_Name
TEST_studentQuestion_Title_218,Question_Content,217,Option_Content,true,Topic_Name
TEST_studentQuestion_Title_219,Question_Content,218,Option_Content,true,Topic_Name
TEST_studentQuestion_Title_220,Question_Content,219,Option_Content,true,Topic_Name
TEST_studentQuestion_Title_221,Question_Content,220,Option_Content,true,Topic_Name
TEST_studentQuestion_Title_222,Question_Content,221,Option_Content,true,Topic_Name
TEST_studentQuestion_Title_223,Question_Content,222,Option_Content,true,Topic_Name
TEST_studentQuestion_Title_224,Question_Content,223,Option_Content,true,Topic_Name
TEST_studentQuestion_Title_225,Question_Content,224,Option_Content,true,Topic_Name
TEST_studentQuestion_Title_226,Question_Content,225,Option_Content,true,Topic_Name
TEST_studentQuestion_Title_227,Question_Content,226,Option_Content,true,Topic_Name
TEST_studentQuestion_Title_228,Question_Content,227,Option_Content,true,Topic_Name
TEST_studentQuestion_Title_229,Question_Content,228,Option_Content,true,Topic_Name
TEST_studentQuestion_Title_230,Question_Content,229,Option_Content,true,Topic_Name
TEST_studentQuestion_Title_231,Question_Content,230,Option_Content,true,Topic_Name
TEST_studentQuestion_Title_232,Question_Content,231,Option_Content,true,Topic_Name
TEST_studentQuestion_Title_233,Question_Content,232,Option_Content,true,Topic_Name
TEST_studentQuestion_Title_234,Question_Content,233,Option_Content,true,Topic_Name
TEST_studentQuestion_Title_235,Question_Content,234,Option_Content,true,Topic_Name
TEST_studentQuestion_Title_236,Question_Content,235,Option_Content,true,Topic_Name
TEST_studentQuestion_Title_237,Question_Content,236,Option_Content,true,Topic_Name
TEST_studentQuestion_Title_238,Question_Content,237,Option_Content,true,Topic_Name
TEST_studentQuestion_Title_239,Question_Content,238,Option_Content,true,Topic_Name
TEST_studentQuestion_Title_240,Question_Content,239,Option_Content,true,Topic_Name
TEST_studentQuestion_Title_241,Question_Content,240,Option_Content,true,Topic_Name
TEST_studentQuestion_Title_242,Question_Content,241,Option_Content,true,Topic_Name
TEST_studentQuestion_Title_243,Question_Content,242,Option_Content,true,Topic_Name
TEST_studentQuestion_Title_244,Question_Content,243,Option_Content,true,Topic_Name
TEST_studentQuestion_Title_245,Question_Content,244,Option_Content,true,Topic_Name
TEST_studentQuestion_Title_246,Question_Content,245,Option_Content,true,Topic_Name
TEST_studentQuestion_Title_247,Question_Content,246,Option_Content,true,Topic_Name
TEST_studentQuestion_Title_248,Question_Content,247,Option_Content,true,Topic_Name
TEST_studentQuestion_Title_249,Question_Content,248,Option_Content,true,Topic_Name
TEST_studentQuestion_Title_250,Question_Content,249,Option_Content,true,Topic_Name
